S,1,Yvonne,950.0,2
M,2,Sharon,1200.0,100
S,3,CY,900.000000,1
S,4,Yui,950.000000,2
S,5,ZL,1000.000000,3
M,6,ZZ,0.000000,100
M,7,LL,1200.000000,100
M,8,KK,1200.000000,100
